[{"model": "admin.logentry", "pk": 1, "fields": {"action_time": "2021-09-04T01:52:59.212Z", "user": 1, "content_type": 13, "object_id": "1", "object_repr": "bionic_hands", "action_flag": 1, "change_message": "[{\"added\": {}}]"}}, {"model": "admin.logentry", "pk": 2, "fields": {"action_time": "2021-09-04T01:53:13.543Z", "user": 1, "content_type": 13, "object_id": "2", "object_repr": "bionic_arms", "action_flag": 1, "change_message": "[{\"added\": {}}]"}}, {"model": "admin.logentry", "pk": 3, "fields": {"action_time": "2021-09-04T01:53:27.636Z", "user": 1, "content_type": 13, "object_id": "3", "object_repr": "bionic_eye", "action_flag": 1, "change_message": "[{\"added\": {}}]"}}, {"model": "admin.logentry", "pk": 4, "fields": {"action_time": "2021-09-04T01:53:36.406Z", "user": 1, "content_type": 13, "object_id": "4", "object_repr": "bionic_legs", "action_flag": 1, "change_message": "[{\"added\": {}}]"}}, {"model": "admin.logentry", "pk": 5, "fields": {"action_time": "2021-09-04T01:53:52.501Z", "user": 1, "content_type": 13, "object_id": "5", "object_repr": "bionic_spine", "action_flag": 1, "change_message": "[{\"added\": {}}]"}}, {"model": "admin.logentry", "pk": 6, "fields": {"action_time": "2021-09-04T01:56:54.251Z", "user": 1, "content_type": 13, "object_id": "6", "object_repr": "new_arrivals", "action_flag": 1, "change_message": "[{\"added\": {}}]"}}, {"model": "admin.logentry", "pk": 7, "fields": {"action_time": "2021-09-04T01:57:24.026Z", "user": 1, "content_type": 13, "object_id": "7", "object_repr": "deals", "action_flag": 1, "change_message": "[{\"added\": {}}]"}}, {"model": "admin.logentry", "pk": 8, "fields": {"action_time": "2021-09-04T01:57:53.588Z", "user": 1, "content_type": 13, "object_id": "8", "object_repr": "clearance", "action_flag": 1, "change_message": "[{\"added\": {}}]"}}, {"model": "admin.logentry", "pk": 9, "fields": {"action_time": "2021-09-04T02:01:19.104Z", "user": 1, "content_type": 14, "object_id": "1", "object_repr": "White Carbon Bionic Hand", "action_flag": 1, "change_message": "[{\"added\": {}}]"}}, {"model": "admin.logentry", "pk": 10, "fields": {"action_time": "2021-09-04T02:04:13.505Z", "user": 1, "content_type": 14, "object_id": "2", "object_repr": "Arc Bionics Prototype Demo Hand", "action_flag": 1, "change_message": "[{\"added\": {}}]"}}, {"model": "admin.logentry", "pk": 11, "fields": {"action_time": "2021-09-04T02:07:37.871Z", "user": 1, "content_type": 14, "object_id": "3", "object_repr": "Arc Bionics Prosthetic Eye 2.0", "action_flag": 1, "change_message": "[{\"added\": {}}]"}}, {"model": "admin.logentry", "pk": 12, "fields": {"action_time": "2021-09-04T02:10:53.385Z", "user": 1, "content_type": 14, "object_id": "4", "object_repr": "Exposed Bionic Arm with Metallic Crevis", "action_flag": 1, "change_message": "[{\"added\": {}}]"}}, {"model": "admin.logentry", "pk": 13, "fields": {"action_time": "2021-09-04T02:14:29.766Z", "user": 1, "content_type": 14, "object_id": "5", "object_repr": "Black and White Sleeved Bionic Arm", "action_flag": 1, "change_message": "[{\"added\": {}}]"}}, {"model": "admin.logentry", "pk": 14, "fields": {"action_time": "2021-09-04T02:16:28.528Z", "user": 1, "content_type": 14, "object_id": "6", "object_repr": "Arc Bionics Star Wars Prototype #AB1", "action_flag": 1, "change_message": "[{\"added\": {}}]"}}, {"model": "admin.logentry", "pk": 15, "fields": {"action_time": "2021-09-04T02:19:16.039Z", "user": 1, "content_type": 14, "object_id": "7", "object_repr": "Encased Glass Bionic Shoulder", "action_flag": 1, "change_message": "[{\"added\": {}}]"}}, {"model": "admin.logentry", "pk": 16, "fields": {"action_time": "2021-09-04T02:21:49.638Z", "user": 1, "content_type": 14, "object_id": "8", "object_repr": "Arc Bionics Switchable Pair (Disney Themed)", "action_flag": 1, "change_message": "[{\"added\": {}}]"}}, {"model": "admin.logentry", "pk": 17, "fields": {"action_time": "2021-09-04T02:24:21.482Z", "user": 1, "content_type": 14, "object_id": "9", "object_repr": "Satin Sleeved Bionic Leg", "action_flag": 1, "change_message": "[{\"added\": {}}]"}}, {"model": "admin.logentry", "pk": 18, "fields": {"action_time": "2021-09-04T02:26:16.486Z", "user": 1, "content_type": 14, "object_id": "10", "object_repr": "Arc Bionics Base Entry Model #002", "action_flag": 1, "change_message": "[{\"added\": {}}]"}}, {"model": "admin.logentry", "pk": 19, "fields": {"action_time": "2021-09-04T02:28:34.375Z", "user": 1, "content_type": 14, "object_id": "11", "object_repr": "Black Carbon Shin Sleeve (Detachable)", "action_flag": 1, "change_message": "[{\"added\": {}}]"}}, {"model": "admin.logentry", "pk": 20, "fields": {"action_time": "2021-09-04T02:31:18.814Z", "user": 1, "content_type": 14, "object_id": "12", "object_repr": "Arc Bionics Bionical Spine (#P1)", "action_flag": 1, "change_message": "[{\"added\": {}}]"}}, {"model": "admin.logentry", "pk": 21, "fields": {"action_time": "2021-09-04T02:32:26.283Z", "user": 1, "content_type": 13, "object_id": "9", "object_repr": "bionic_merchandise", "action_flag": 1, "change_message": "[{\"added\": {}}]"}}, {"model": "admin.logentry", "pk": 22, "fields": {"action_time": "2021-09-04T02:34:04.587Z", "user": 1, "content_type": 14, "object_id": "13", "object_repr": "Arc Bionics White T-Shirt", "action_flag": 1, "change_message": "[{\"added\": {}}]"}}, {"model": "admin.logentry", "pk": 23, "fields": {"action_time": "2021-09-04T02:35:20.015Z", "user": 1, "content_type": 14, "object_id": "14", "object_repr": "Yellow Arc Bionics T-Shirt", "action_flag": 1, "change_message": "[{\"added\": {}}]"}}, {"model": "admin.logentry", "pk": 24, "fields": {"action_time": "2021-09-04T02:36:43.365Z", "user": 1, "content_type": 14, "object_id": "15", "object_repr": "Yellow Arc Bionics T-Shirt Ver 2.0", "action_flag": 1, "change_message": "[{\"added\": {}}]"}}, {"model": "admin.logentry", "pk": 25, "fields": {"action_time": "2021-09-04T02:41:36.626Z", "user": 1, "content_type": 14, "object_id": "16", "object_repr": "Arc Bionics Prototype Demo Hand", "action_flag": 1, "change_message": "[{\"added\": {}}]"}}, {"model": "admin.logentry", "pk": 26, "fields": {"action_time": "2021-09-04T02:42:29.172Z", "user": 1, "content_type": 14, "object_id": "17", "object_repr": "Encased Glass Bionic Shoulder", "action_flag": 1, "change_message": "[{\"added\": {}}]"}}, {"model": "admin.logentry", "pk": 27, "fields": {"action_time": "2021-09-04T02:43:51.280Z", "user": 1, "content_type": 14, "object_id": "18", "object_repr": "Arc Bionics Star Wars Prototype #AB1", "action_flag": 1, "change_message": "[{\"added\": {}}]"}}, {"model": "admin.logentry", "pk": 28, "fields": {"action_time": "2021-09-04T02:44:29.319Z", "user": 1, "content_type": 14, "object_id": "19", "object_repr": "Black Carbon Shin Sleeve (Detachable)", "action_flag": 1, "change_message": "[{\"added\": {}}]"}}, {"model": "admin.logentry", "pk": 29, "fields": {"action_time": "2021-09-04T02:45:38.866Z", "user": 1, "content_type": 14, "object_id": "20", "object_repr": "Yellow Arc Bionics T-Shirt", "action_flag": 1, "change_message": "[{\"added\": {}}]"}}, {"model": "admin.logentry", "pk": 30, "fields": {"action_time": "2021-09-04T02:46:41.118Z", "user": 1, "content_type": 14, "object_id": "21", "object_repr": "Arc Bionics Base Entry Model #002", "action_flag": 1, "change_message": "[{\"added\": {}}]"}}, {"model": "admin.logentry", "pk": 31, "fields": {"action_time": "2021-09-04T02:46:49.873Z", "user": 1, "content_type": 14, "object_id": "20", "object_repr": "Yellow Arc Bionics T-Shirt", "action_flag": 2, "change_message": "[{\"changed\": {\"fields\": [\"Has sizes\"]}}]"}}, {"model": "auth.user", "pk": 1, "fields": {"password": "pbkdf2_sha256$260000$IDBHALtOtkHSb6URYfcMD2$wtULQyPLWAcCuxK6jUntDDu2JPssfPtkOilv+nfX/d8=", "last_login": "2021-09-04T01:48:55.089Z", "is_superuser": true, "username": "Shazaiib47", "first_name": "", "last_name": "", "email": "shazaib47@hotmail.com", "is_staff": true, "is_active": true, "date_joined": "2021-09-04T01:35:56.722Z", "groups": [], "user_permissions": []}}, {"model": "sessions.session", "pk": "q60dtl2ff9pb49ri08jcm2vv1uehhifx", "fields": {"session_data": ".eJxVjMsOwiAUBf-FtSGUN1269xsIj4tFDRhojcb477ZJN92emTNfZDv0nmux8H7m9kEjOSHrlnmyS4dmc0QjGtBh8y7coWwg3ly5VhxqmVv2eFPwTju-1AiP8-4eApPr0_oOkiYlQScdvIxeRSONMJEACEkYj4TRJALhoAYG3GiqpNdUDFwDEyqFNdrdC2wuqaJxbgv8_mjlRMg:1mMNB3:PSvruHepFKIRSZ--bhq1Nh5xAHBD4K8zv_10lKcClBE", "expire_date": "2021-09-18T04:21:13.163Z"}}, {"model": "sites.site", "pk": 1, "fields": {"domain": "example.com", "name": "example.com"}}, {"model": "account.emailaddress", "pk": 1, "fields": {"user": 1, "email": "shazaib47@hotmail.com", "verified": true, "primary": true}}, {"model": "products.category", "pk": 1, "fields": {"name": "bionic_hands", "friendly_name": "Bionic Hands"}}, {"model": "products.category", "pk": 2, "fields": {"name": "bionic_arms", "friendly_name": "Bionic Arms"}}, {"model": "products.category", "pk": 3, "fields": {"name": "bionic_eye", "friendly_name": "Bionic Eye Implant"}}, {"model": "products.category", "pk": 4, "fields": {"name": "bionic_legs", "friendly_name": "Bionic Legs"}}, {"model": "products.category", "pk": 5, "fields": {"name": "bionic_spine", "friendly_name": "Bionic Spine"}}, {"model": "products.category", "pk": 6, "fields": {"name": "new_arrivals", "friendly_name": "New Arrivals"}}, {"model": "products.category", "pk": 7, "fields": {"name": "deals", "friendly_name": "Deals"}}, {"model": "products.category", "pk": 8, "fields": {"name": "clearance", "friendly_name": "Clearance"}}, {"model": "products.category", "pk": 9, "fields": {"name": "bionic_merchandise", "friendly_name": "Bionic Merchandise"}}, {"model": "products.product", "pk": 1, "fields": {"category": 1, "sku": "AB100010047", "name": "White Carbon Bionic Hand", "description": "Introducing our first verified bionic hand prototype. This bionic is designed to amplify and assist user's using our Nerve2.0 technology integrated within this, allowing amputees to freely move without restraint.\r\n\r\nThe material used in this is molded around the amputee, thus fitting all sizes.", "has_sizes": false, "price": "75.99", "rating": "4.90", "image_url": null, "image": "bionic-hand-1_8lQv4xd.jpg"}}, {"model": "products.product", "pk": 2, "fields": {"category": 1, "sku": "AB100010048", "name": "Arc Bionics Prototype Demo Hand", "description": "Introducing our prototype demo hand. Specifically created in mind with individuals who want to feel how a bionic arm functions. This features our revisioned 2.0 nanoboard with the latest technology to allow your fingers to move freely, giving you the feeling how amputees feel. A strap is available, making it a good fit for all hand sizes.", "has_sizes": false, "price": "45.00", "rating": "4.20", "image_url": null, "image": "bionic-hand-2_BDBNHDp.jpeg"}}, {"model": "products.product", "pk": 3, "fields": {"category": 3, "sku": "AB200070001", "name": "Arc Bionics Prosthetic Eye 2.0", "description": "Introducing Our widely purchased bionic. This prosthetic benefits those who unfortunately have lost their sight in one of their eyes. This bionic is powered with our Nerve2.0 technology which allows individuals to regain their sight at a reduced cost. We at Arc Bionics are striving everyday to better our technology to fully regain sight for you.\r\n\r\nThis comes in a brown colour.", "has_sizes": false, "price": "41.00", "rating": "4.10", "image_url": null, "image": "bionic-eye-1_47ffBab.jpg"}}, {"model": "products.product", "pk": 4, "fields": {"category": 2, "sku": "AB30004003", "name": "Exposed Bionic Arm with Metallic Crevis", "description": "Our most popular bionic prosthetic. This is full length arm suitable for amputees who suffer without the use of their arm. Featuring our robust Nerve2.0 technology within, this grants amputees free movement with little to no problems. A universal fit means amputees can safely remove this when showering or sleeping with no strain on them.", "has_sizes": false, "price": "110.00", "rating": "4.90", "image_url": null, "image": "bionic-arm-2_YVTyI3L.jpg"}}, {"model": "products.product", "pk": 5, "fields": {"category": 2, "sku": "AB30004004", "name": "Black and White Sleeved Bionic Arm", "description": "Our newly manufactured Bionic Arm is here, with added safety and security that withstands any physical damage, whilst maintaining the technology used within to allow the amputee to have free movement. This is movement unrivalled, here for you.", "has_sizes": false, "price": "90.00", "rating": "5.00", "image_url": null, "image": "bionic-arm-1_NJN62M8.jpg"}}, {"model": "products.product", "pk": 6, "fields": {"category": 2, "sku": "AB300040047", "name": "Arc Bionics Star Wars Prototype #AB1", "description": "Introducing the customised bionic arm, taking flight in the form of Star Wars; suitable for amputees with no limb as this is a univeral fit, thanks to the technology we have. Now you can move with style. May the force be with you!", "has_sizes": false, "price": "79.00", "rating": "4.74", "image_url": null, "image": "bionic-arm-3-star-wars_4Ij5HKF.jpg"}}, {"model": "products.product", "pk": 7, "fields": {"category": 2, "sku": "AB30004034", "name": "Encased Glass Bionic Shoulder", "description": "Introducing our new bionic, fully designed for amputees without a whole arm. This bionic grants amputees a full bionic experience, granting unlimited movement thanks to our ultralight materials used to aid with amputees who move around a lot. The shoulder portion adapts to the size of the individual, thanks to the straps located behind.", "has_sizes": false, "price": "150.00", "rating": "4.90", "image_url": null, "image": "bionic-shoulder-1_58noEIE.jpg"}}, {"model": "products.product", "pk": 8, "fields": {"category": 2, "sku": "AB30004499", "name": "Arc Bionics Switchable Pair (Disney Themed)", "description": "Show off, with our switchable pair of bionic arms taken in the form of Frozen and Iron Man! Now you can really become one with yourself. The bionic pair comes in a pack, suitable for all amputees, allowing them to switch and choose any bionic with ease, thanks to our pull and twist motion integrated.", "has_sizes": false, "price": "150.00", "rating": "4.44", "image_url": null, "image": "bionic-arm-pair-disney_Y4chYlt.jpg"}}, {"model": "products.product", "pk": 9, "fields": {"category": 4, "sku": "AB50003002", "name": "Satin Sleeved Bionic Leg", "description": "Introducing our new bionic leg, featuring our Nerve3.0 technology for amputees who suffer without a leg. This bionic comes equipped with fully flexed mechanics, allowing the flow of movement to be seamless without any complications. We are actively looking for feedback surrounding this product in order to better ourselves and provide amputees with a outstanding experience.", "has_sizes": false, "price": "130.00", "rating": "4.75", "image_url": null, "image": "bionic-leg-3_3cryp1h.png"}}, {"model": "products.product", "pk": 10, "fields": {"category": 4, "sku": "AB50003067", "name": "Arc Bionics Base Entry Model #002", "description": "Our first ever bionic leg, introduced last year. This bionic leg is widely popular among amputees due to the free movement located with support allowance from the back and base, granting amputees the use of their leg like never before.", "has_sizes": false, "price": "60.00", "rating": "3.99", "image_url": null, "image": "bionic-leg-2_GqSFimA.jpg"}}, {"model": "products.product", "pk": 11, "fields": {"category": 4, "sku": "AB50003005", "name": "Black Carbon Shin Sleeve (Detachable)", "description": "At Arc Bionics we cater to amputees, whilst also being stylish! This our carbon sleeved plate that univerally fits on all our bionic leg products, granting the use of this lightweight material has aided useful to our amputees!", "has_sizes": false, "price": "40.00", "rating": "4.21", "image_url": null, "image": "bionic-leg-plate-1_Datzcqj.png"}}, {"model": "products.product", "pk": 12, "fields": {"category": 5, "sku": "AB99001002", "name": "Arc Bionics Bionical Spine (#P1)", "description": "Introducing our first ever bionic spine. This bionic spine sends signals from electrodes directly implanted in the brain and directly to the amputee. The device located within the motherboard of this spine successfully recorded motor signals, allowing free movement for our amputees who suffer from this.", "has_sizes": false, "price": "250.00", "rating": "5.00", "image_url": null, "image": "bionic-spine-nerve-1_djUckmV.jpg"}}, {"model": "products.product", "pk": 13, "fields": {"category": 9, "sku": "AB76550011", "name": "Arc Bionics White T-Shirt", "description": "Want to represent us? Our newly 100% cotton t-shirt is now available, available in all sizes. Now you can represent Arc Bionics and spread the word!", "has_sizes": true, "price": "25.00", "rating": "3.90", "image_url": null, "image": "arc-bionics-shirt-2_s7R1xTv.png"}}, {"model": "products.product", "pk": 14, "fields": {"category": 9, "sku": "AB76550013", "name": "Yellow Arc Bionics T-Shirt", "description": "Our Arc Bionics T-Shirt, in a bright yellow colour. Now you can stand out with your bionic from a mile away! Available in all sizes, and created using friendly materials.", "has_sizes": true, "price": "30.00", "rating": "5.00", "image_url": null, "image": "arc-bionics-shirt-3_p8tBgpQ.png"}}, {"model": "products.product", "pk": 15, "fields": {"category": 9, "sku": "AB76550022", "name": "Yellow Arc Bionics T-Shirt Ver 2.0", "description": "Our revised Arc Bionics t shirt, with a much bigger logo and a now in a slim fit! Represent Arc Bionics with your amputee and send us your pictures to be featured at our future events and social media!", "has_sizes": true, "price": "35.00", "rating": "4.39", "image_url": null, "image": "arc-bionics-yellow_TVqQoZS.png"}}, {"model": "products.product", "pk": 16, "fields": {"category": 6, "sku": "AB100010048", "name": "Arc Bionics Prototype Demo Hand", "description": "Introducing our prototype demo hand. Specifically created in mind with individuals who want to feel how a bionic arm functions. This features our revisioned 2.0 nanoboard with the latest technology to allow your fingers to move freely, giving you the feeling how amputees feel. A strap is available, making it a good fit for all hand sizes.", "has_sizes": false, "price": "45.00", "rating": "4.20", "image_url": null, "image": "bionic-hand-2_6qLZWms.jpeg"}}, {"model": "products.product", "pk": 17, "fields": {"category": 6, "sku": "AB30004034", "name": "Encased Glass Bionic Shoulder", "description": "Introducing our new bionic, fully designed for amputees without a whole arm. This bionic grants amputees a full bionic experience, granting unlimited movement thanks to our ultralight materials used to aid with amputees who move around a lot. The shoulder portion adapts to the size of the individual, thanks to the straps located behind.", "has_sizes": false, "price": "150.00", "rating": "4.90", "image_url": null, "image": "bionic-shoulder-1_Z7s4PvN.jpg"}}, {"model": "products.product", "pk": 18, "fields": {"category": 7, "sku": "AB300040047", "name": "Arc Bionics Star Wars Prototype #AB1", "description": "Introducing the customised bionic arm, taking flight in the form of Star Wars; suitable for amputees with no limb as this is a univeral fit, thanks to the technology we have. Now you can move with style. May the force be with you!", "has_sizes": false, "price": "79.00", "rating": "4.74", "image_url": null, "image": "bionic-arm-3-star-wars_2NOeJNU.jpg"}}, {"model": "products.product", "pk": 19, "fields": {"category": 7, "sku": "AB50003005", "name": "Black Carbon Shin Sleeve (Detachable)", "description": "At Arc Bionics we cater to amputees, whilst also being stylish! This our carbon sleeved plate that univerally fits on all our bionic leg products, granting the use of this lightweight material has aided useful to our amputees!", "has_sizes": false, "price": "40.00", "rating": "4.21", "image_url": null, "image": "bionic-leg-plate-1_uZXEOSs.png"}}, {"model": "products.product", "pk": 20, "fields": {"category": 7, "sku": "AB76550013", "name": "Yellow Arc Bionics T-Shirt", "description": "Our Arc Bionics T-Shirt, in a bright yellow colour. Now you can stand out with your bionic from a mile away! Available in all sizes, and created using friendly materials.", "has_sizes": true, "price": "30.00", "rating": "5.00", "image_url": null, "image": "arc-bionics-shirt-3_MuwjhK7.png"}}, {"model": "products.product", "pk": 21, "fields": {"category": 8, "sku": "AB50003067", "name": "Arc Bionics Base Entry Model #002", "description": "Our first ever bionic leg, introduced last year. This bionic leg is widely popular among amputees due to the free movement located with support allowance from the back and base, granting amputees the use of their leg like never before.", "has_sizes": false, "price": "60.00", "rating": "3.99", "image_url": null, "image": "bionic-leg-2_QXJL9zu.jpg"}}, {"model": "checkout.order", "pk": 1, "fields": {"order_number": "6060892A409C443486240332ACDA8177", "user_profile": 1, "full_name": "testtest", "email": "shazaib47@someemail.com", "phone_number": "1234567890", "country": "GB", "postcode": "12345", "town_or_city": "Anywhere", "street_address1": "123 45th Street", "street_address2": "Anywhere", "county": "Anywhere", "date": "2021-09-04T02:48:50.697Z", "delivery_cost": "0.00", "order_total": "0.00", "grand_total": "0.00", "original_bag": "{\"5\": 1}", "stripe_pid": "pi_3JVovEEbNYUTjSrr0UsaT2qB"}}, {"model": "checkout.order", "pk": 2, "fields": {"order_number": "3DF9BD9DE76641C1AF453D6445D8B599", "user_profile": null, "full_name": "testtest", "email": "shazaib47@someemail.com", "phone_number": "01234567890", "country": "GB", "postcode": "12345", "town_or_city": "Anywhere", "street_address1": "123 45th Street", "street_address2": "Anywhere", "county": "Anywhere", "date": "2021-09-04T03:14:30.304Z", "delivery_cost": "0.00", "order_total": "0.00", "grand_total": "0.00", "original_bag": "{\"11\": 1}", "stripe_pid": "pi_3JVpKZEbNYUTjSrr06tvzvH8"}}, {"model": "checkout.order", "pk": 3, "fields": {"order_number": "F8F9280A14F3431D99CF5A80601F4AB3", "user_profile": 1, "full_name": "testtest", "email": "shazaib47@someemail.com", "phone_number": "01234567890", "country": "GB", "postcode": "12345", "town_or_city": "Anywhere", "street_address1": "123 45th Street", "street_address2": "Anywhere", "county": "Anywhere", "date": "2021-09-04T03:15:13.608Z", "delivery_cost": "0.00", "order_total": "0.00", "grand_total": "0.00", "original_bag": "{\"11\": 1}", "stripe_pid": "pi_3JVpKZEbNYUTjSrr06tvzvH8"}}, {"model": "checkout.order", "pk": 4, "fields": {"order_number": "48C4A54061D3467CB467A5763812709E", "user_profile": 1, "full_name": "testtesttest", "email": "shazaib47@someemail.com", "phone_number": "01234567890", "country": "GB", "postcode": "12345", "town_or_city": "Anywhere", "street_address1": "123 45th Street", "street_address2": "Anywhere", "county": "Anywhere", "date": "2021-09-04T03:32:48.469Z", "delivery_cost": "0.00", "order_total": "0.00", "grand_total": "0.00", "original_bag": "{\"2\": 1}", "stripe_pid": "pi_3JVpcIEbNYUTjSrr0fzcTWFC"}}, {"model": "checkout.order", "pk": 5, "fields": {"order_number": "2A49EC934CF9455688D1A55810FFBFD6", "user_profile": 1, "full_name": "testtesttest", "email": "shazaib47@hotmail.com", "phone_number": "01234567890", "country": "GB", "postcode": "12345", "town_or_city": "Anywhere", "street_address1": "123 45th Street", "street_address2": "Anywhere", "county": "Anywhere", "date": "2021-09-04T04:21:12.624Z", "delivery_cost": "7.60", "order_total": "75.99", "grand_total": "83.59", "original_bag": "{\"1\": 1}", "stripe_pid": "pi_3JVqNBEbNYUTjSrr1Fsr5YOC"}}, {"model": "checkout.orderlineitem", "pk": 1, "fields": {"order": 1, "product": 5, "product_size": null, "quantity": 1, "lineitem_total": "90.00"}}, {"model": "checkout.orderlineitem", "pk": 2, "fields": {"order": 2, "product": 11, "product_size": null, "quantity": 1, "lineitem_total": "40.00"}}, {"model": "checkout.orderlineitem", "pk": 3, "fields": {"order": 3, "product": 11, "product_size": null, "quantity": 1, "lineitem_total": "40.00"}}, {"model": "checkout.orderlineitem", "pk": 4, "fields": {"order": 4, "product": 2, "product_size": null, "quantity": 1, "lineitem_total": "45.00"}}, {"model": "checkout.orderlineitem", "pk": 5, "fields": {"order": 5, "product": 1, "product_size": null, "quantity": 1, "lineitem_total": "75.99"}}, {"model": "profiles.userprofile", "pk": 1, "fields": {"user": 1, "default_phone_number": "01234567890", "default_street_address1": "123 45th Street", "default_street_address2": "Anywhere", "default_town_or_city": "Anywhere", "default_county": "Anywhere", "default_postcode": "12345", "default_country": "GB"}}]